date,open,low,high,close,volume
2021-08-25 14:55:00,148.29000000,148.24000000,148.37000000,148.27000000,715028
2021-08-25 14:50:00,148.24000000,148.19000000,148.36000000,148.29000000,646500
2021-08-25 14:45:00,148.20000000,148.15000000,148.28000000,148.24000000,541456
2021-08-25 14:40:00,148.01000000,148.00000000,148.22000000,148.20000000,616819
2021-08-25 14:35:00,148.09000000,148.01000000,148.11000000,148.03000000,413067
2021-08-25 14:30:00,148.03000000,148.03000000,148.17000000,148.08000000,559557
2021-08-25 14:25:00,147.90000000,147.89000000,148.04000000,148.03000000,364104
2021-08-25 14:20:00,148.00000000,147.82000000,148.00000000,147.90000000,489132
2021-08-25 14:15:00,148.00000000,147.90000000,148.03000000,148.00000000,478783
2021-08-25 14:10:00,148.05000000,147.92000000,148.07000000,148.00000000,586465
2021-08-25 14:05:00,147.89000000,147.87000000,148.09000000,148.06000000,758176
2021-08-25 14:00:00,147.86000000,147.82000000,147.91000000,147.89000000,344454
2021-08-25 13:55:00,147.87000000,147.82000000,147.87000000,147.86000000,341495
2021-08-25 13:50:00,147.93000000,147.84000000,147.95000000,147.87000000,382091
2021-08-25 13:45:00,147.97000000,147.90000000,148.00000000,147.93000000,405867
2021-08-25 13:40:00,147.81000000,147.80000000,148.02000000,147.97000000,706791
2021-08-25 13:35:00,147.95000000,147.80000000,147.97000000,147.81000000,679766
2021-08-25 13:30:00,148.04000000,147.94000000,148.10000000,147.95000000,816098
2021-08-25 13:25:00,148.07000000,148.01000000,148.13000000,148.03000000,432683
2021-08-25 13:20:00,148.11000000,148.01000000,148.15000000,148.08000000,572401
2021-08-25 13:15:00,148.22000000,148.09000000,148.27000000,148.11000000,467009
2021-08-25 13:10:00,148.09000000,148.09000000,148.28000000,148.22000000,429203
2021-08-25 13:05:00,148.35000000,148.08000000,148.38000000,148.09000000,817587
2021-08-25 13:00:00,148.34000000,148.26000000,148.37000000,148.35000000,350459
2021-08-25 12:55:00,148.24000000,148.19000000,148.35000000,148.35000000,393642
2021-08-25 12:50:00,148.26000000,148.16000000,148.26000000,148.24000000,353642
2021-08-25 12:45:00,148.38000000,148.24000000,148.39000000,148.25000000,431458
2021-08-25 12:40:00,148.41000000,148.27000000,148.41000000,148.38000000,387847
2021-08-25 12:35:00,148.36000000,148.27000000,148.44000000,148.41000000,525093
2021-08-25 12:30:00,148.24000000,148.21000000,148.39000000,148.36000000,477448
2021-08-25 12:25:00,148.16000000,148.12000000,148.25000000,148.24000000,382888
2021-08-25 12:20:00,148.17000000,148.11000000,148.20000000,148.16000000,429472
2021-08-25 12:15:00,148.11000000,148.06000000,148.20000000,148.17000000,576672
2021-08-25 12:10:00,148.29000000,148.08000000,148.33000000,148.12000000,699293
2021-08-25 12:05:00,148.27000000,148.20000000,148.30000000,148.29000000,408093
2021-08-25 12:00:00,148.26000000,148.15000000,148.29000000,148.27000000,586358
2021-08-25 11:55:00,148.31000000,148.25000000,148.35000000,148.25000000,429136
2021-08-25 11:50:00,148.32000000,148.30000000,148.39000000,148.31000000,370112
2021-08-25 11:45:00,148.35000000,148.21000000,148.37000000,148.32000000,455453
2021-08-25 11:40:00,148.20000000,148.17000000,148.41000000,148.35000000,678532
2021-08-25 11:35:00,148.42000000,148.19000000,148.42000000,148.20000000,624279
2021-08-25 11:30:00,148.50000000,148.37000000,148.55000000,148.42000000,414113
2021-08-25 11:25:00,148.38000000,148.33000000,148.57000000,148.51000000,584281
2021-08-25 11:20:00,148.60000000,148.34000000,148.60000000,148.38000000,599451
2021-08-25 11:15:00,148.60000000,148.54000000,148.72000000,148.60000000,570077
2021-08-25 11:10:00,148.54000000,148.42000000,148.62000000,148.59000000,570898
2021-08-25 11:05:00,148.57000000,148.43000000,148.66000000,148.54000000,659818
2021-08-25 11:00:00,148.40000000,148.39000000,148.64000000,148.58000000,707664
2021-08-25 10:55:00,148.57000000,148.32000000,148.66000000,148.40000000,1167320
2021-08-25 10:50:00,148.21000000,148.17000000,148.57000000,148.57000000,1285284
2021-08-25 10:45:00,148.29000000,148.12000000,148.31000000,148.21000000,962019
2021-08-25 10:40:00,148.47000000,148.17000000,148.48000000,148.29000000,1272498
2021-08-25 10:35:00,148.59000000,148.39000000,148.64000000,148.47000000,890892
2021-08-25 10:30:00,148.63000000,148.42000000,148.74000000,148.59000000,1192565
2021-08-25 10:25:00,148.84000000,148.54000000,148.88000000,148.63000000,1052789
2021-08-25 10:20:00,149.08000000,148.77000000,149.14000000,148.84000000,1112570
2021-08-25 10:15:00,149.01000000,149.00000000,149.20000000,149.08000000,901848
2021-08-25 10:10:00,149.08000000,148.93000000,149.10000000,149.01000000,961655
2021-08-25 10:05:00,149.26000000,149.05000000,149.30000000,149.07000000,888426
2021-08-25 10:00:00,149.33000000,149.18000000,149.42000000,149.26000000,932713
2021-08-25 09:55:00,149.19000000,149.16000000,149.44000000,149.33000000,1028071
2021-08-25 09:50:00,149.49000000,149.15000000,149.51000000,149.19000000,1445853
2021-08-25 09:45:00,149.65000000,149.43000000,149.73000000,149.48000000,1286206
2021-08-25 09:40:00,149.79000000,149.59000000,149.82000000,149.65000000,1322497
2021-08-25 09:35:00,149.70000000,149.59000000,150.06000000,149.77000000,1489703
2021-08-25 09:30:00,149.81000000,149.56000000,150.32000000,149.70000000,2945441
2021-08-24 16:00:00,149.62000000,149.61000000,149.65000000,149.62000000,935797
2021-08-24 15:55:00,149.50000000,149.49000000,149.66000000,149.63000000,1587292
2021-08-24 15:50:00,149.62000000,149.46000000,149.63000000,149.50000000,938523
2021-08-24 15:45:00,149.64000000,149.59000000,149.68000000,149.62000000,503664
2021-08-24 15:40:00,149.66000000,149.61000000,149.69000000,149.63000000,592196
2021-08-24 15:35:00,149.73000000,149.64000000,149.75000000,149.66000000,380080
2021-08-24 15:30:00,149.80000000,149.72000000,149.81000000,149.73000000,419985
2021-08-24 15:25:00,149.90000000,149.73000000,149.91000000,149.80000000,369898
2021-08-24 15:20:00,149.83000000,149.76000000,149.90000000,149.90000000,447852
2021-08-24 15:15:00,149.75000000,149.71000000,149.84000000,149.83000000,278820
2021-08-24 15:10:00,149.74000000,149.73000000,149.80000000,149.75000000,294029
2021-08-24 15:05:00,149.80000000,149.71000000,149.82000000,149.74000000,301676
2021-08-24 15:00:00,149.75000000,149.72000000,149.87000000,149.80000000,479652
2021-08-24 14:55:00,149.70000000,149.68000000,149.77000000,149.74000000,379702
2021-08-24 14:50:00,149.63000000,149.57000000,149.70000000,149.70000000,318003
2021-08-24 14:45:00,149.62000000,149.57000000,149.62000000,149.62000000,223147
2021-08-24 14:40:00,149.58000000,149.52000000,149.63000000,149.61000000,357288
2021-08-24 14:35:00,149.66000000,149.55000000,149.67000000,149.58000000,269539
2021-08-24 14:30:00,149.52000000,149.50000000,149.68000000,149.66000000,319483
2021-08-24 14:25:00,149.59000000,149.52000000,149.60000000,149.53000000,193720
2021-08-24 14:20:00,149.64000000,149.53000000,149.65000000,149.58000000,235183
2021-08-24 14:15:00,149.57000000,149.51000000,149.65000000,149.65000000,402060
2021-08-24 14:10:00,149.55000000,149.54000000,149.62000000,149.57000000,240046
2021-08-24 14:05:00,149.62000000,149.54000000,149.63000000,149.56000000,327044
2021-08-24 14:00:00,149.65000000,149.59000000,149.67000000,149.62000000,276858
2021-08-24 13:55:00,149.76000000,149.62000000,149.81000000,149.65000000,368813
2021-08-24 13:50:00,149.61000000,149.59000000,149.77000000,149.76000000,308115
2021-08-24 13:45:00,149.61000000,149.57000000,149.64000000,149.60000000,236966
2021-08-24 13:40:00,149.56000000,149.55000000,149.65000000,149.61000000,299774
2021-08-24 13:35:00,149.55000000,149.52000000,149.60000000,149.56000000,215445
2021-08-24 13:30:00,149.62000000,149.55000000,149.66000000,149.56000000,371239
2021-08-24 13:25:00,149.55000000,149.50000000,149.65000000,149.62000000,278763
2021-08-24 13:20:00,149.57000000,149.48000000,149.63000000,149.55000000,374314
2021-08-24 13:15:00,149.55000000,149.50000000,149.61000000,149.57000000,367528
2021-08-24 13:10:00,149.69000000,149.52000000,149.69000000,149.55000000,318786
2021-08-24 13:05:00,149.67000000,149.62000000,149.74000000,149.70000000,348289
2021-08-24 13:00:00,149.56000000,149.54000000,149.69000000,149.67000000,314928
2021-08-24 12:55:00,149.59000000,149.52000000,149.65000000,149.56000000,245635
2021-08-24 12:50:00,149.62000000,149.54000000,149.64000000,149.59000000,300229
2021-08-24 12:45:00,149.62000000,149.59000000,149.69000000,149.62000000,315407
2021-08-24 12:40:00,149.67000000,149.55000000,149.68000000,149.62000000,310533
2021-08-24 12:35:00,149.67000000,149.59000000,149.71000000,149.67000000,346450
2021-08-24 12:30:00,149.69000000,149.59000000,149.70000000,149.65000000,401394
2021-08-24 12:25:00,149.69000000,149.64000000,149.73000000,149.70000000,304188
2021-08-24 12:20:00,149.78000000,149.68000000,149.83000000,149.69000000,308744
2021-08-24 12:15:00,149.85000000,149.70000000,149.86000000,149.78000000,314330
2021-08-24 12:10:00,149.83000000,149.82000000,149.93000000,149.85000000,329334
2021-08-24 12:05:00,149.78000000,149.72000000,149.92000000,149.82000000,509509
2021-08-24 12:00:00,149.83000000,149.56000000,149.89000000,149.77000000,644867
2021-08-24 11:55:00,149.78000000,149.73000000,149.95000000,149.83000000,555182
2021-08-24 11:50:00,149.64000000,149.60000000,149.83000000,149.78000000,485702
2021-08-24 11:45:00,149.77000000,149.57000000,149.81000000,149.63000000,499448
2021-08-24 11:40:00,149.77000000,149.61000000,149.84000000,149.77000000,659117
2021-08-24 11:35:00,149.50000000,149.50000000,149.78000000,149.78000000,770752
2021-08-24 11:30:00,149.48000000,149.31000000,149.54000000,149.50000000,1124142
2021-08-24 11:25:00,149.86000000,149.45000000,149.88000000,149.49000000,1166943
2021-08-24 11:20:00,149.94000000,149.85000000,149.97000000,149.86000000,392388
2021-08-24 11:15:00,149.91000000,149.75000000,149.97000000,149.93000000,575576
2021-08-24 11:10:00,149.88000000,149.78000000,149.95000000,149.92000000,473353
2021-08-24 11:05:00,149.81000000,149.79000000,149.93000000,149.88000000,480881
2021-08-24 11:00:00,150.00000000,149.73000000,150.00000000,149.81000000,654359
2021-08-24 10:55:00,150.03000000,149.93000000,150.10000000,149.99000000,685128
2021-08-24 10:50:00,150.20000000,149.96000000,150.24000000,150.03000000,693700
2021-08-24 10:45:00,150.31000000,150.11000000,150.37000000,150.21000000,710914
2021-08-24 10:40:00,150.45000000,150.28000000,150.45000000,150.31000000,647168
2021-08-24 10:35:00,150.40000000,150.35000000,150.51000000,150.45000000,571311
2021-08-24 10:30:00,150.45000000,150.31000000,150.48000000,150.40000000,552135
2021-08-24 10:25:00,150.60000000,150.38000000,150.62000000,150.46000000,555638
2021-08-24 10:20:00,150.53000000,150.47000000,150.68000000,150.61000000,992358
2021-08-24 10:15:00,150.57000000,150.42000000,150.65000000,150.52000000,699438
2021-08-24 10:10:00,150.62000000,150.50000000,150.73000000,150.56000000,783886
2021-08-24 10:05:00,150.43000000,150.14000000,150.67000000,150.62000000,1345482
2021-08-24 10:00:00,150.59000000,150.38000000,150.59000000,150.42000000,872464
2021-08-24 09:55:00,150.64000000,149.50000000,150.66000000,150.58000000,1424943
2021-08-24 09:50:00,150.73000000,150.38000000,150.78000000,150.63000000,1249271
2021-08-24 09:45:00,150.74000000,150.54000000,150.86000000,150.72000000,1534730
2021-08-24 09:40:00,149.98000000,149.85000000,150.79000000,150.74000000,2197280
2021-08-24 09:35:00,149.75000000,149.46000000,150.07000000,149.98000000,1993613
2021-08-24 09:30:00,149.45000000,149.15000000,150.04000000,149.76000000,3353894
2021-08-23 16:00:00,149.71000000,149.63000000,149.75000000,149.70000000,1819328
2021-08-23 15:55:00,149.75000000,149.58000000,149.75000000,149.70000000,1638550
2021-08-23 15:50:00,149.87000000,149.74000000,149.93000000,149.74000000,1289997
2021-08-23 15:45:00,149.80000000,149.73000000,149.92000000,149.87000000,795056
2021-08-23 15:40:00,149.87000000,149.80000000,149.89000000,149.81000000,702170
2021-08-23 15:35:00,150.07000000,149.86000000,150.08000000,149.87000000,528755
2021-08-23 15:30:00,149.96000000,149.94000000,150.08000000,150.07000000,900210
2021-08-23 15:25:00,149.88000000,149.87000000,149.99000000,149.97000000,373333
2021-08-23 15:20:00,149.95000000,149.83000000,149.95000000,149.88000000,441229
2021-08-23 15:15:00,150.04000000,149.95000000,150.10000000,149.95000000,537233
2021-08-23 15:10:00,150.02000000,150.01000000,150.07000000,150.04000000,483816
2021-08-23 15:05:00,149.99000000,149.94000000,150.04000000,150.02000000,458391
2021-08-23 15:00:00,150.03000000,149.98000000,150.08000000,150.00000000,499253
2021-08-23 14:55:00,150.09000000,150.00000000,150.13000000,150.03000000,429655
2021-08-23 14:50:00,150.15000000,150.04000000,150.19000000,150.09000000,464692
2021-08-23 14:45:00,150.05000000,149.98000000,150.14000000,150.14000000,472261
2021-08-23 14:40:00,150.06000000,150.03000000,150.09000000,150.05000000,345214
2021-08-23 14:35:00,150.00000000,149.99000000,150.06000000,150.06000000,339977
2021-08-23 14:30:00,149.89000000,149.88000000,150.03000000,150.00000000,404759
2021-08-23 14:25:00,149.94000000,149.87000000,149.96000000,149.89000000,277723
2021-08-23 14:20:00,149.99000000,149.88000000,150.07000000,149.94000000,532854
2021-08-23 14:15:00,149.92000000,149.88000000,149.99000000,149.99000000,274711
2021-08-23 14:10:00,149.97000000,149.87000000,149.99000000,149.92000000,390105
2021-08-23 14:05:00,149.90000000,149.90000000,149.99000000,149.97000000,383721
2021-08-23 14:00:00,149.91000000,149.86000000,149.96000000,149.90000000,400294
2021-08-23 13:55:00,149.95000000,149.89000000,150.01000000,149.91000000,527137
2021-08-23 13:50:00,149.93000000,149.86000000,149.98000000,149.95000000,394072
2021-08-23 13:45:00,149.79000000,149.77000000,149.93000000,149.93000000,398401
2021-08-23 13:40:00,149.72000000,149.70000000,149.84000000,149.79000000,373824
2021-08-23 13:35:00,149.80000000,149.66000000,149.82000000,149.71000000,481696
2021-08-23 13:30:00,149.70000000,149.68000000,149.81000000,149.81000000,406880
2021-08-23 13:25:00,149.85000000,149.64000000,149.85000000,149.71000000,666145
2021-08-23 13:20:00,149.96000000,149.84000000,149.96000000,149.84000000,377448
2021-08-23 13:15:00,150.04000000,149.86000000,150.05000000,149.96000000,577941
2021-08-23 13:10:00,149.99000000,149.97000000,150.15000000,150.03000000,1484498
2021-08-23 13:05:00,149.90000000,149.88000000,150.00000000,149.99000000,477027
2021-08-23 13:00:00,149.83000000,149.79000000,149.97000000,149.91000000,527001
2021-08-23 12:55:00,149.74000000,149.71000000,149.84000000,149.83000000,501434
2021-08-23 12:50:00,149.65000000,149.60000000,149.76000000,149.74000000,435806
2021-08-23 12:45:00,149.79000000,149.64000000,149.80000000,149.65000000,394373
2021-08-23 12:40:00,149.73000000,149.71000000,149.85000000,149.78000000,479132
2021-08-23 12:35:00,149.86000000,149.62000000,149.86000000,149.73000000,595958
2021-08-23 12:30:00,149.82000000,149.81000000,149.97000000,149.85000000,703436
2021-08-23 12:25:00,149.74000000,149.71000000,149.83000000,149.82000000,409800
2021-08-23 12:20:00,149.70000000,149.67000000,149.79000000,149.74000000,420012
2021-08-23 12:15:00,149.83000000,149.67000000,149.83000000,149.70000000,521597
2021-08-23 12:10:00,149.80000000,149.77000000,149.84000000,149.83000000,285858
2021-08-23 12:05:00,149.82000000,149.76000000,149.88000000,149.80000000,404374
2021-08-23 12:00:00,149.89000000,149.80000000,149.97000000,149.81000000,622919
2021-08-23 11:55:00,149.85000000,149.83000000,149.94000000,149.89000000,417893
2021-08-23 11:50:00,149.75000000,149.75000000,149.94000000,149.86000000,888676
2021-08-23 11:45:00,149.71000000,149.70000000,149.82000000,149.75000000,555251
2021-08-23 11:40:00,149.68000000,149.62000000,149.77000000,149.71000000,580442
2021-08-23 11:35:00,149.87000000,149.64000000,149.90000000,149.68000000,642751
2021-08-23 11:30:00,149.65000000,149.65000000,149.87000000,149.87000000,677194
2021-08-23 11:25:00,149.51000000,149.49000000,149.69000000,149.65000000,434066
2021-08-23 11:20:00,149.55000000,149.49000000,149.68000000,149.51000000,472653
2021-08-23 11:15:00,149.61000000,149.55000000,149.70000000,149.56000000,447468
2021-08-23 11:10:00,149.51000000,149.44000000,149.67000000,149.60000000,497512
2021-08-23 11:05:00,149.46000000,149.42000000,149.57000000,149.51000000,553678
2021-08-23 11:00:00,149.48000000,149.45000000,149.67000000,149.46000000,729186
2021-08-23 10:55:00,149.70000000,149.40000000,149.71000000,149.47000000,721424
2021-08-23 10:50:00,149.63000000,149.60000000,149.77000000,149.70000000,725375
2021-08-23 10:45:00,149.49000000,149.45000000,149.65000000,149.64000000,655925
2021-08-23 10:40:00,149.45000000,149.36000000,149.54000000,149.49000000,646088
2021-08-23 10:35:00,149.48000000,149.25000000,149.55000000,149.46000000,734062
2021-08-23 10:30:00,149.33000000,149.24000000,149.51000000,149.48000000,821801
2021-08-23 10:25:00,149.29000000,149.26000000,149.55000000,149.33000000,950921
2021-08-23 10:20:00,149.27000000,149.20000000,149.40000000,149.29000000,979704
2021-08-23 10:15:00,149.04000000,148.92000000,149.28000000,149.28000000,793331
2021-08-23 10:10:00,149.08000000,148.87000000,149.16000000,149.04000000,955200
2021-08-23 10:05:00,149.01000000,148.98000000,149.25000000,149.08000000,1397786
2021-08-23 10:00:00,148.65000000,148.49000000,149.03000000,149.01000000,1477801
2021-08-23 09:55:00,148.57000000,148.49000000,148.79000000,148.64000000,938557
2021-08-23 09:50:00,148.74000000,148.29000000,148.75000000,148.58000000,1296372
2021-08-23 09:45:00,148.47000000,148.32000000,148.76000000,148.72000000,1175131
2021-08-23 09:40:00,148.13000000,148.05000000,148.65000000,148.46000000,1413042
2021-08-23 09:35:00,148.15000000,147.89000000,148.48000000,148.13000000,1665224
2021-08-23 09:30:00,148.31000000,147.96000000,148.82000000,148.16000000,2918591
2021-08-20 16:00:00,148.19000000,148.12000000,148.22000000,148.17000000,2815902
2021-08-20 15:55:00,148.09000000,148.06000000,148.29000000,148.19000000,2729519
2021-08-20 15:50:00,148.02000000,147.95000000,148.12000000,148.09000000,1099528
2021-08-20 15:45:00,148.11000000,148.00000000,148.11000000,148.02000000,881618
2021-08-20 15:40:00,148.12000000,148.05000000,148.14000000,148.11000000,602531
2021-08-20 15:35:00,148.05000000,148.04000000,148.14000000,148.12000000,577324
2021-08-20 15:30:00,148.09000000,147.95000000,148.09000000,148.05000000,590827
2021-08-20 15:25:00,148.14000000,148.02000000,148.14000000,148.09000000,557919
2021-08-20 15:20:00,148.03000000,148.02000000,148.17000000,148.14000000,587674
2021-08-20 15:15:00,147.98000000,147.98000000,148.05000000,148.04000000,445387
2021-08-20 15:10:00,147.87000000,147.84000000,147.98000000,147.98000000,301246
2021-08-20 15:05:00,147.88000000,147.80000000,147.90000000,147.86000000,250085
2021-08-20 15:00:00,147.96000000,147.84000000,147.96000000,147.87000000,320990
2021-08-20 14:55:00,147.74000000,147.74000000,147.96000000,147.96000000,441842
2021-08-20 14:50:00,147.68000000,147.65000000,147.78000000,147.73000000,284745
2021-08-20 14:45:00,147.72000000,147.60000000,147.76000000,147.69000000,341267
2021-08-20 14:40:00,147.73000000,147.70000000,147.85000000,147.73000000,488095
2021-08-20 14:35:00,147.58000000,147.56000000,147.77000000,147.72000000,454953
2021-08-20 14:30:00,147.72000000,147.58000000,147.72000000,147.59000000,372141
2021-08-20 14:25:00,147.76000000,147.68000000,147.81000000,147.72000000,413068
2021-08-20 14:20:00,147.85000000,147.72000000,147.86000000,147.75000000,236114
2021-08-20 14:15:00,147.82000000,147.78000000,147.88000000,147.85000000,254010
2021-08-20 14:10:00,147.86000000,147.72000000,147.89000000,147.83000000,354406
2021-08-20 14:05:00,147.83000000,147.81000000,147.89000000,147.85000000,347993
2021-08-20 14:00:00,147.74000000,147.72000000,147.85000000,147.82000000,409493
2021-08-20 13:55:00,147.68000000,147.59000000,147.75000000,147.75000000,419230
2021-08-20 13:50:00,147.60000000,147.55000000,147.69000000,147.68000000,418790
2021-08-20 13:45:00,147.78000000,147.60000000,147.79000000,147.61000000,416747
2021-08-20 13:40:00,147.78000000,147.72000000,147.83000000,147.78000000,327581
2021-08-20 13:35:00,147.88000000,147.78000000,147.88000000,147.78000000,392817
2021-08-20 13:30:00,147.92000000,147.87000000,148.00000000,147.88000000,291039
2021-08-20 13:25:00,148.02000000,147.87000000,148.03000000,147.92000000,259881
2021-08-20 13:20:00,147.93000000,147.90000000,148.02000000,148.02000000,260719
2021-08-20 13:15:00,148.00000000,147.91000000,148.01000000,147.93000000,261161
2021-08-20 13:10:00,147.94000000,147.85000000,148.00000000,148.00000000,335467
2021-08-20 13:05:00,147.94000000,147.89000000,147.98000000,147.94000000,216827
2021-08-20 13:00:00,147.91000000,147.83000000,147.95000000,147.94000000,292983
2021-08-20 12:55:00,147.96000000,147.83000000,148.00000000,147.90000000,344829
2021-08-20 12:50:00,147.97000000,147.92000000,148.07000000,147.96000000,522703
2021-08-20 12:45:00,147.85000000,147.81000000,148.03000000,147.97000000,560351
2021-08-20 12:40:00,147.92000000,147.76000000,147.94000000,147.86000000,577780
2021-08-20 12:35:00,147.88000000,147.87000000,147.97000000,147.92000000,413082
2021-08-20 12:30:00,147.81000000,147.79000000,147.92000000,147.88000000,477062
2021-08-20 12:25:00,147.66000000,147.60000000,147.81000000,147.80000000,480655
2021-08-20 12:20:00,147.59000000,147.51000000,147.67000000,147.65000000,288571
2021-08-20 12:15:00,147.42000000,147.37000000,147.65000000,147.58000000,517187
2021-08-20 12:10:00,147.44000000,147.28000000,147.47000000,147.42000000,430390
2021-08-20 12:05:00,147.55000000,147.43000000,147.59000000,147.44000000,470081
2021-08-20 12:00:00,147.35000000,147.24000000,148.01000000,147.54000000,629318
2021-08-20 11:55:00,147.29000000,147.12000000,147.37000000,147.35000000,697254
2021-08-20 11:50:00,147.36000000,147.23000000,147.44000000,147.29000000,582949
2021-08-20 11:45:00,147.48000000,147.29000000,147.48000000,147.35000000,729516
2021-08-20 11:40:00,147.61000000,147.38000000,147.62000000,147.46000000,748550
2021-08-20 11:35:00,147.98000000,147.58000000,148.04000000,147.61000000,673999
2021-08-20 11:30:00,147.75000000,147.70000000,148.00000000,147.99000000,430317
2021-08-20 11:25:00,147.83000000,147.74000000,147.96000000,147.76000000,418344
2021-08-20 11:20:00,147.76000000,147.70000000,147.86000000,147.83000000,430041
2021-08-20 11:15:00,147.92000000,147.71000000,147.96000000,147.76000000,440563
2021-08-20 11:10:00,147.94000000,147.80000000,147.99000000,147.92000000,566009
2021-08-20 11:05:00,147.78000000,147.76000000,147.97000000,147.95000000,471046
2021-08-20 11:00:00,147.87000000,147.77000000,147.98000000,147.77000000,472340
2021-08-20 10:55:00,147.93000000,147.86000000,148.07000000,147.88000000,615166
2021-08-20 10:50:00,148.04000000,147.79000000,148.08000000,147.93000000,695543
2021-08-20 10:45:00,148.20000000,147.98000000,148.23000000,148.04000000,798896
2021-08-20 10:40:00,148.25000000,148.13000000,148.36000000,148.18000000,715296
2021-08-20 10:35:00,148.27000000,148.21000000,148.50000000,148.26000000,1271826
2021-08-20 10:30:00,148.08000000,148.05000000,148.29000000,148.28000000,749000
2021-08-20 10:25:00,148.28000000,147.95000000,148.33000000,148.08000000,929048
2021-08-20 10:20:00,148.02000000,147.99000000,148.33000000,148.28000000,1213443
2021-08-20 10:15:00,147.64000000,147.49000000,148.07000000,148.01000000,1257030
2021-08-20 10:10:00,147.62000000,147.57000000,147.84000000,147.64000000,830721
2021-08-20 10:05:00,147.54000000,147.53000000,147.73000000,147.62000000,835824
2021-08-20 10:00:00,147.50000000,147.35000000,147.74000000,147.54000000,976681
2021-08-20 09:55:00,147.59000000,147.42000000,147.83000000,147.49000000,1125410
2021-08-20 09:50:00,147.26000000,147.25000000,147.70000000,147.59000000,1389647
2021-08-20 09:45:00,147.11000000,147.11000000,147.55000000,147.27000000,1699767
2021-08-20 09:40:00,147.23000000,146.78000000,147.33000000,147.11000000,1323393
2021-08-20 09:35:00,147.13000000,146.85000000,147.33000000,147.23000000,1749042
2021-08-20 09:30:00,147.44000000,146.96000000,147.66000000,147.13000000,3315320
2021-08-19 16:00:00,146.65000000,146.43000000,146.70000000,146.64000000,4846830
2021-08-19 15:55:00,146.50000000,146.35000000,146.75000000,146.67000000,2215870
2021-08-19 15:50:00,146.75000000,146.49000000,146.90000000,146.50000000,1534682
2021-08-19 15:45:00,146.83000000,146.61000000,146.83000000,146.76000000,998392
2021-08-19 15:40:00,146.98000000,146.68000000,147.02000000,146.83000000,1110283
2021-08-19 15:35:00,147.23000000,146.94000000,147.30000000,146.99000000,910901
2021-08-19 15:30:00,147.23000000,147.08000000,147.29000000,147.23000000,819749
2021-08-19 15:25:00,147.06000000,147.05000000,147.24000000,147.23000000,726668
2021-08-19 15:20:00,147.03000000,146.94000000,147.10000000,147.06000000,587104
2021-08-19 15:15:00,146.91000000,146.87000000,147.09000000,147.03000000,770903
2021-08-19 15:10:00,146.95000000,146.82000000,147.02000000,146.91000000,640759
2021-08-19 15:05:00,147.00000000,146.87000000,147.08000000,146.95000000,722014
2021-08-19 15:00:00,146.83000000,146.80000000,147.08000000,147.00000000,985690
2021-08-19 14:55:00,146.69000000,146.66000000,146.86000000,146.84000000,794250
2021-08-19 14:50:00,146.30000000,146.07000000,146.72000000,146.69000000,1074984
2021-08-19 14:45:00,146.38000000,146.23000000,146.42000000,146.31000000,714706
2021-08-19 14:40:00,146.27000000,146.09000000,146.48000000,146.39000000,833003
2021-08-19 14:35:00,146.15000000,146.09000000,146.36000000,146.28000000,741175
2021-08-19 14:30:00,146.08000000,145.84000000,146.16000000,146.15000000,1125935
2021-08-19 14:25:00,146.66000000,146.06000000,146.75000000,146.09000000,819217
2021-08-19 14:20:00,146.55000000,146.42000000,146.67000000,146.65000000,474923
2021-08-19 14:15:00,146.49000000,146.33000000,146.62000000,146.56000000,581543
2021-08-19 14:10:00,146.54000000,146.46000000,146.62000000,146.50000000,599079
2021-08-19 14:05:00,146.53000000,146.39000000,146.61000000,146.54000000,945395
2021-08-19 14:00:00,146.81000000,146.53000000,146.96000000,146.53000000,850058
2021-08-19 13:55:00,147.09000000,146.81000000,147.10000000,146.81000000,565797
2021-08-19 13:50:00,147.15000000,147.06000000,147.24000000,147.07000000,544228
2021-08-19 13:45:00,147.11000000,146.99000000,147.16000000,147.16000000,423694
2021-08-19 13:40:00,146.96000000,146.94000000,147.15000000,147.11000000,864873
2021-08-19 13:35:00,146.89000000,146.74000000,146.99000000,146.96000000,678918
2021-08-19 13:30:00,146.97000000,146.70000000,147.03000000,146.88000000,868908
2021-08-19 13:25:00,147.32000000,146.96000000,147.40000000,146.97000000,708419
2021-08-19 13:20:00,147.30000000,147.24000000,147.40000000,147.31000000,531568
2021-08-19 13:15:00,147.46000000,147.24000000,147.51000000,147.31000000,446423
2021-08-19 13:10:00,147.33000000,147.32000000,147.53000000,147.48000000,688931
2021-08-19 13:05:00,147.43000000,147.16000000,147.47000000,147.33000000,879238
2021-08-19 13:00:00,147.63000000,147.43000000,147.75000000,147.44000000,785125
2021-08-19 12:55:00,147.73000000,147.62000000,147.83000000,147.63000000,513682
2021-08-19 12:50:00,147.86000000,147.70000000,147.98000000,147.73000000,565605
2021-08-19 12:45:00,147.83000000,147.70000000,147.88000000,147.86000000,533699
2021-08-19 12:40:00,147.99000000,147.80000000,148.00000000,147.82000000,595484
2021-08-19 12:35:00,147.92000000,147.79000000,148.00000000,147.99000000,815867
2021-08-19 12:30:00,147.45000000,147.44000000,147.91000000,147.91000000,948261
2021-08-19 12:25:00,147.44000000,147.38000000,147.51000000,147.45000000,519779
2021-08-19 12:20:00,147.59000000,147.35000000,147.64000000,147.44000000,591989
2021-08-19 12:15:00,147.44000000,147.27000000,147.67000000,147.60000000,739050
2021-08-19 12:10:00,147.24000000,147.22000000,147.45000000,147.43000000,677870
2021-08-19 12:05:00,147.44000000,147.24000000,147.52000000,147.24000000,773450
2021-08-19 12:00:00,147.62000000,147.43000000,147.75000000,147.44000000,1059253
2021-08-19 11:55:00,147.39000000,147.39000000,147.67000000,147.62000000,1012547
2021-08-19 11:50:00,147.40000000,147.33000000,147.51000000,147.39000000,716150
2021-08-19 11:45:00,147.15000000,147.15000000,147.50000000,147.39000000,1336890
2021-08-19 11:40:00,146.91000000,146.89000000,147.17000000,147.16000000,955884
2021-08-19 11:35:00,146.81000000,146.71000000,146.97000000,146.90000000,1029167
2021-08-19 11:30:00,146.44000000,146.42000000,146.82000000,146.81000000,1006889
2021-08-19 11:25:00,146.69000000,146.29000000,146.71000000,146.43000000,792050
2021-08-19 11:20:00,146.55000000,146.51000000,146.72000000,146.70000000,873216
2021-08-19 11:15:00,146.27000000,146.19000000,146.60000000,146.56000000,607237
2021-08-19 11:10:00,146.43000000,146.24000000,146.56000000,146.27000000,701243
2021-08-19 11:05:00,146.63000000,146.34000000,146.69000000,146.43000000,911097
2021-08-19 11:00:00,146.38000000,146.32000000,146.64000000,146.63000000,983189
2021-08-19 10:55:00,146.02000000,146.00000000,146.52000000,146.38000000,1411086
2021-08-19 10:50:00,145.62000000,145.53000000,146.06000000,146.00000000,991963
2021-08-19 10:45:00,145.78000000,145.57000000,145.90000000,145.62000000,858207
2021-08-19 10:40:00,145.70000000,145.59000000,145.85000000,145.78000000,754660
2021-08-19 10:35:00,145.81000000,145.63000000,145.85000000,145.70000000,710893
2021-08-19 10:30:00,146.04000000,145.69000000,146.10000000,145.81000000,944998
2021-08-19 10:25:00,145.92000000,145.85000000,146.16000000,146.05000000,923104
2021-08-19 10:20:00,146.08000000,145.87000000,146.25000000,145.92000000,1089120
2021-08-19 10:15:00,145.82000000,145.70000000,146.22000000,146.09000000,1456232
2021-08-19 10:10:00,145.68000000,145.58000000,145.96000000,145.82000000,1259263
2021-08-19 10:05:00,145.42000000,145.37000000,145.76000000,145.69000000,1158783
2021-08-19 10:00:00,145.11000000,145.10000000,145.79000000,145.42000000,1588288
2021-08-19 09:55:00,145.46000000,145.06000000,145.56000000,145.11000000,1561280
2021-08-19 09:50:00,145.34000000,145.26000000,145.67000000,145.45000000,1688239
2021-08-19 09:45:00,145.41000000,145.06000000,145.89000000,145.33000000,2218230
2021-08-19 09:40:00,145.05000000,144.76000000,145.46000000,145.40000000,2591260
2021-08-19 09:35:00,145.97000000,145.03000000,146.27000000,145.07000000,2651528
2021-08-19 09:30:00,145.03000000,144.50000000,146.29000000,145.97000000,5007105
2021-08-18 16:00:00,146.36000000,146.13000000,146.36000000,146.15000000,862811
2021-08-18 15:55:00,146.57000000,146.15000000,146.62000000,146.36000000,4380247
2021-08-18 15:50:00,146.79000000,146.41000000,146.82000000,146.58000000,2733520
2021-08-18 15:45:00,147.11000000,146.69000000,147.17000000,146.79000000,1848802
2021-08-18 15:40:00,146.96000000,146.92000000,147.17000000,147.11000000,1567965
2021-08-18 15:35:00,146.94000000,146.80000000,147.00000000,146.96000000,2141009
2021-08-18 15:30:00,147.50000000,146.86000000,147.52000000,146.94000000,2513629
2021-08-18 15:25:00,147.61000000,147.47000000,147.69000000,147.50000000,1155916
2021-08-18 15:20:00,147.80000000,147.61000000,147.84000000,147.62000000,774066
2021-08-18 15:15:00,147.78000000,147.67000000,147.85000000,147.80000000,676159
2021-08-18 15:10:00,147.61000000,147.58000000,147.83000000,147.77000000,931179
2021-08-18 15:05:00,147.79000000,147.60000000,147.88000000,147.60000000,842557
2021-08-18 15:00:00,147.98000000,147.73000000,147.99000000,147.80000000,864514
2021-08-18 14:55:00,147.90000000,147.86000000,148.04000000,147.99000000,869805
2021-08-18 14:50:00,148.02000000,147.87000000,148.12000000,147.91000000,831694
2021-08-18 14:45:00,148.22000000,147.97000000,148.22000000,148.03000000,746388
2021-08-18 14:40:00,148.32000000,148.14000000,148.39000000,148.22000000,750996
2021-08-18 14:35:00,148.55000000,148.28000000,148.58000000,148.32000000,839717
2021-08-18 14:30:00,148.49000000,148.44000000,148.65000000,148.54000000,1102137
2021-08-18 14:25:00,148.33000000,148.24000000,148.53000000,148.49000000,1269304
2021-08-18 14:20:00,147.92000000,147.87000000,148.33000000,148.33000000,1406765
2021-08-18 14:15:00,147.99000000,147.72000000,148.03000000,147.92000000,1425906
2021-08-18 14:10:00,148.48000000,147.80000000,148.54000000,148.00000000,1337120
2021-08-18 14:05:00,148.64000000,148.36000000,148.68000000,148.48000000,889537
2021-08-18 14:00:00,148.16000000,148.09000000,148.69000000,148.64000000,1100164
2021-08-18 13:55:00,148.17000000,148.11000000,148.25000000,148.17000000,421951
2021-08-18 13:50:00,148.14000000,148.10000000,148.19000000,148.18000000,429503
2021-08-18 13:45:00,148.00000000,147.98000000,148.15000000,148.14000000,601436
2021-08-18 13:40:00,148.05000000,147.91000000,148.06000000,147.99000000,562176
2021-08-18 13:35:00,148.21000000,147.94000000,148.23000000,148.05000000,1113794
2021-08-18 13:30:00,148.29000000,148.20000000,148.32000000,148.21000000,528956
2021-08-18 13:25:00,148.32000000,148.28000000,148.38000000,148.29000000,387659
2021-08-18 13:20:00,148.49000000,148.31000000,148.50000000,148.32000000,431181
2021-08-18 13:15:00,148.59000000,148.41000000,148.60000000,148.49000000,423972
2021-08-18 13:10:00,148.55000000,148.49000000,148.61000000,148.60000000,325670
2021-08-18 13:05:00,148.58000000,148.46000000,148.62000000,148.54000000,402143
2021-08-18 13:00:00,148.66000000,148.53000000,148.70000000,148.58000000,423975
2021-08-18 12:55:00,148.54000000,148.53000000,148.70000000,148.67000000,368168
2021-08-18 12:50:00,148.53000000,148.44000000,148.62000000,148.53000000,516885
2021-08-18 12:45:00,148.71000000,148.53000000,148.72000000,148.53000000,498855
2021-08-18 12:40:00,148.81000000,148.70000000,148.82000000,148.72000000,379406
2021-08-18 12:35:00,148.84000000,148.72000000,148.85000000,148.82000000,465774
2021-08-18 12:30:00,148.67000000,148.67000000,148.87000000,148.85000000,512658
2021-08-18 12:25:00,148.71000000,148.53000000,148.75000000,148.67000000,698329
2021-08-18 12:20:00,148.87000000,148.71000000,148.93000000,148.71000000,731517
2021-08-18 12:15:00,148.72000000,148.62000000,148.88000000,148.88000000,663540
2021-08-18 12:10:00,148.66000000,148.63000000,148.80000000,148.73000000,681925
2021-08-18 12:05:00,148.46000000,148.45000000,148.72000000,148.67000000,666659
2021-08-18 12:00:00,148.45000000,148.35000000,148.54000000,148.46000000,624718
2021-08-18 11:55:00,148.62000000,148.44000000,148.70000000,148.46000000,751457
2021-08-18 11:50:00,148.57000000,148.54000000,148.73000000,148.62000000,757208
2021-08-18 11:45:00,148.60000000,148.53000000,148.69000000,148.56000000,644786
2021-08-18 11:40:00,148.39000000,148.35000000,148.64000000,148.60000000,1222092
2021-08-18 11:35:00,148.42000000,148.18000000,148.43000000,148.40000000,902406
2021-08-18 11:30:00,148.43000000,148.32000000,148.53000000,148.42000000,763866
2021-08-18 11:25:00,148.53000000,148.39000000,148.66000000,148.43000000,969979
2021-08-18 11:20:00,148.69000000,148.46000000,148.74000000,148.53000000,932989
2021-08-18 11:15:00,148.65000000,148.53000000,148.71000000,148.69000000,964953
2021-08-18 11:10:00,149.08000000,148.62000000,149.08000000,148.65000000,1151205
2021-08-18 11:05:00,148.99000000,148.99000000,149.18000000,149.08000000,651985
2021-08-18 11:00:00,149.28000000,148.89000000,149.28000000,148.99000000,1221714
2021-08-18 10:55:00,149.60000000,149.16000000,149.63000000,149.29000000,858818
2021-08-18 10:50:00,149.44000000,149.32000000,149.63000000,149.60000000,760177
2021-08-18 10:45:00,149.34000000,149.14000000,149.45000000,149.44000000,1475961
2021-08-18 10:40:00,149.66000000,149.21000000,149.67000000,149.35000000,1287359
2021-08-18 10:35:00,149.85000000,149.56000000,149.91000000,149.66000000,778875
2021-08-18 10:30:00,149.78000000,149.75000000,149.90000000,149.85000000,625462
2021-08-18 10:25:00,150.04000000,149.68000000,150.06000000,149.78000000,933020
2021-08-18 10:20:00,150.24000000,149.91000000,150.24000000,150.05000000,648865
2021-08-18 10:15:00,150.20000000,150.07000000,150.29000000,150.24000000,730330
2021-08-18 10:10:00,150.28000000,149.98000000,150.37000000,150.20000000,1178114
2021-08-18 10:05:00,149.95000000,149.84000000,150.44000000,150.29000000,1523678
2021-08-18 10:00:00,149.75000000,149.64000000,150.00000000,149.95000000,1174776
2021-08-18 09:55:00,149.88000000,149.74000000,150.03000000,149.76000000,1159697
2021-08-18 09:50:00,149.81000000,149.73000000,150.15000000,149.87000000,1213634
2021-08-18 09:45:00,149.71000000,149.71000000,150.16000000,149.81000000,2267524
2021-08-18 09:40:00,149.91000000,149.68000000,150.15000000,149.72000000,1255238
2021-08-18 09:35:00,149.92000000,149.40000000,150.12000000,149.90000000,2117962
2021-08-18 09:30:00,149.80000000,149.51000000,150.72000000,149.92000000,3176990
2021-08-17 16:00:00,150.19000000,149.97000000,150.25000000,150.05000000,4221406
2021-08-17 15:55:00,149.93000000,149.93000000,150.29000000,150.23000000,2596538
2021-08-17 15:50:00,149.91000000,149.90000000,150.12000000,149.93000000,1656840
2021-08-17 15:45:00,149.87000000,149.78000000,150.01000000,149.91000000,1046256
2021-08-17 15:40:00,149.96000000,149.72000000,149.96000000,149.87000000,1001919
2021-08-17 15:35:00,149.97000000,149.94000000,150.07000000,149.96000000,743778
2021-08-17 15:30:00,149.98000000,149.92000000,150.15000000,149.98000000,843005
2021-08-17 15:25:00,149.92000000,149.91000000,150.04000000,149.98000000,591371
2021-08-17 15:20:00,149.94000000,149.88000000,150.10000000,149.92000000,747470
2021-08-17 15:15:00,149.82000000,149.77000000,149.95000000,149.94000000,781501
2021-08-17 15:10:00,150.21000000,149.81000000,150.25000000,149.81000000,934117
2021-08-17 15:05:00,150.10000000,149.98000000,150.22000000,150.21000000,853204
2021-08-17 15:00:00,150.04000000,150.04000000,150.15000000,150.10000000,694697
2021-08-17 14:55:00,149.76000000,149.74000000,150.10000000,150.04000000,866781
2021-08-17 14:50:00,149.84000000,149.69000000,149.93000000,149.75000000,509461
2021-08-17 14:45:00,149.86000000,149.77000000,149.98000000,149.85000000,696346
2021-08-17 14:40:00,149.63000000,149.60000000,149.89000000,149.86000000,503935
2021-08-17 14:35:00,149.87000000,149.61000000,149.87000000,149.63000000,641490
2021-08-17 14:30:00,149.82000000,149.74000000,149.96000000,149.86000000,595060
2021-08-17 14:25:00,149.93000000,149.75000000,149.93000000,149.82000000,446443
2021-08-17 14:20:00,150.03000000,149.70000000,150.04000000,149.92000000,873452
2021-08-17 14:15:00,150.00000000,150.00000000,150.18000000,150.04000000,970349
2021-08-17 14:10:00,149.89000000,149.74000000,150.00000000,150.00000000,875779
2021-08-17 14:05:00,149.65000000,149.65000000,149.91000000,149.89000000,919560
2021-08-17 14:00:00,149.49000000,149.46000000,149.69000000,149.66000000,883462
2021-08-17 13:55:00,149.25000000,149.21000000,149.50000000,149.49000000,696850
2021-08-17 13:50:00,149.19000000,149.13000000,149.30000000,149.24000000,665151
2021-08-17 13:45:00,149.37000000,149.09000000,149.37000000,149.19000000,713210
2021-08-17 13:40:00,149.39000000,149.28000000,149.45000000,149.37000000,475701
2021-08-17 13:35:00,149.61000000,149.38000000,149.61000000,149.38000000,512471
2021-08-17 13:30:00,149.67000000,149.50000000,149.67000000,149.61000000,495883
2021-08-17 13:25:00,149.43000000,149.35000000,149.67000000,149.67000000,558262
2021-08-17 13:20:00,149.34000000,149.34000000,149.51000000,149.42000000,456858
2021-08-17 13:15:00,149.53000000,149.32000000,149.55000000,149.34000000,554324
2021-08-17 13:10:00,149.41000000,149.26000000,149.57000000,149.54000000,728297
2021-08-17 13:05:00,149.32000000,149.17000000,149.44000000,149.42000000,788306
2021-08-17 13:00:00,149.23000000,149.14000000,149.41000000,149.32000000,853567
2021-08-17 12:55:00,149.31000000,149.15000000,149.33000000,149.23000000,715712
2021-08-17 12:50:00,149.25000000,149.14000000,149.54000000,149.31000000,1120371
2021-08-17 12:45:00,149.74000000,149.12000000,149.77000000,149.25000000,1647786
2021-08-17 12:40:00,149.85000000,149.57000000,149.89000000,149.74000000,1031416
2021-08-17 12:35:00,150.12000000,149.78000000,150.20000000,149.86000000,859565
2021-08-17 12:30:00,150.29000000,149.98000000,150.39000000,150.11000000,795388
2021-08-17 12:25:00,149.95000000,149.93000000,150.32000000,150.30000000,678644
2021-08-17 12:20:00,149.96000000,149.82000000,150.07000000,149.94000000,569754
2021-08-17 12:15:00,150.14000000,149.81000000,150.14000000,149.97000000,681579
2021-08-17 12:10:00,150.10000000,149.90000000,150.23000000,150.15000000,693511
2021-08-17 12:05:00,149.97000000,149.93000000,150.30000000,150.11000000,845819
2021-08-17 12:00:00,150.16000000,149.94000000,150.19000000,149.97000000,1131673
2021-08-17 11:55:00,150.51000000,150.13000000,150.51000000,150.16000000,921679
2021-08-17 11:50:00,150.83000000,150.43000000,150.83000000,150.52000000,715935
2021-08-17 11:45:00,150.59000000,150.55000000,150.84000000,150.84000000,705004
2021-08-17 11:40:00,150.68000000,150.50000000,150.69000000,150.60000000,1532226
2021-08-17 11:35:00,150.81000000,150.63000000,150.86000000,150.69000000,479150
2021-08-17 11:30:00,150.65000000,150.59000000,150.86000000,150.81000000,777932
2021-08-17 11:25:00,151.09000000,150.47000000,151.12000000,150.66000000,1224096
2021-08-17 11:20:00,151.14000000,151.03000000,151.26000000,151.11000000,722280
2021-08-17 11:15:00,151.15000000,150.93000000,151.21000000,151.14000000,818769
2021-08-17 11:10:00,151.01000000,150.93000000,151.22000000,151.16000000,938853
2021-08-17 11:05:00,151.05000000,150.83000000,151.05000000,151.02000000,790627
2021-08-17 11:00:00,151.11000000,150.98000000,151.35000000,151.05000000,1085870
2021-08-17 10:55:00,151.32000000,150.98000000,151.49000000,151.10000000,1117289
2021-08-17 10:50:00,151.24000000,151.13000000,151.38000000,151.32000000,833651
2021-08-17 10:45:00,151.39000000,151.09000000,151.40000000,151.24000000,1148983
2021-08-17 10:40:00,150.84000000,150.82000000,151.41000000,151.40000000,1412474
2021-08-17 10:35:00,150.59000000,150.55000000,151.00000000,150.84000000,1163550
2021-08-17 10:30:00,150.56000000,150.38000000,150.73000000,150.59000000,1119858
2021-08-17 10:25:00,150.16000000,150.04000000,150.63000000,150.57000000,1194597
2021-08-17 10:20:00,150.06000000,149.83000000,150.21000000,150.15000000,1184397
2021-08-17 10:15:00,150.37000000,150.00000000,150.44000000,150.06000000,1163879
2021-08-17 10:10:00,150.14000000,149.77000000,150.44000000,150.38000000,1772497
2021-08-17 10:05:00,150.55000000,150.06000000,150.55000000,150.15000000,1270181
2021-08-17 10:00:00,150.49000000,150.15000000,150.63000000,150.54000000,1411481
2021-08-17 09:55:00,150.33000000,150.00000000,150.53000000,150.51000000,2029538
2021-08-17 09:50:00,151.24000000,150.24000000,151.25000000,150.34000000,2595466
2021-08-17 09:45:00,151.14000000,151.00000000,151.68000000,151.24000000,2404802
2021-08-17 09:40:00,150.86000000,150.48000000,151.67000000,151.13000000,3795700
2021-08-17 09:35:00,150.26000000,149.93000000,150.99000000,150.87000000,3312075
2021-08-17 09:30:00,150.23000000,149.32000000,150.47000000,150.25000000,4793673
2021-08-16 16:00:00,151.12000000,151.06000000,151.30000000,151.25000000,1335242
2021-08-16 15:55:00,150.97000000,150.94000000,151.13000000,151.13000000,3909626
2021-08-16 15:50:00,150.78000000,150.75000000,151.00000000,150.98000000,2061834
2021-08-16 15:45:00,150.78000000,150.74000000,150.86000000,150.78000000,1144141
2021-08-16 15:40:00,150.61000000,150.58000000,150.78000000,150.78000000,930921
2021-08-16 15:35:00,150.83000000,150.60000000,150.83000000,150.61000000,858203
2021-08-16 15:30:00,150.84000000,150.73000000,150.89000000,150.83000000,987719
2021-08-16 15:25:00,150.82000000,150.71000000,150.86000000,150.84000000,713302
2021-08-16 15:20:00,150.68000000,150.68000000,150.84000000,150.81000000,951788
2021-08-16 15:15:00,150.76000000,150.60000000,150.77000000,150.67000000,616056
2021-08-16 15:10:00,150.70000000,150.67000000,150.84000000,150.76000000,780065
2021-08-16 15:05:00,150.74000000,150.58000000,150.80000000,150.71000000,850952
2021-08-16 15:00:00,150.49000000,150.43000000,150.78000000,150.74000000,908736
2021-08-16 14:55:00,150.63000000,150.45000000,150.64000000,150.50000000,677691
2021-08-16 14:50:00,150.59000000,150.52000000,150.69000000,150.63000000,776606
2021-08-16 14:45:00,150.62000000,150.57000000,150.81000000,150.60000000,1271952
2021-08-16 14:40:00,150.53000000,150.49000000,150.67000000,150.63000000,684796
2021-08-16 14:35:00,150.51000000,150.38000000,150.58000000,150.53000000,606838
2021-08-16 14:30:00,150.44000000,150.43000000,150.56000000,150.51000000,564362
2021-08-16 14:25:00,150.45000000,150.31000000,150.45000000,150.44000000,580552
2021-08-16 14:20:00,150.56000000,150.44000000,150.62000000,150.45000000,643217
2021-08-16 14:15:00,150.29000000,150.25000000,150.57000000,150.55000000,865710
2021-08-16 14:10:00,150.37000000,150.25000000,150.47000000,150.29000000,748347
2021-08-16 14:05:00,150.14000000,150.14000000,150.50000000,150.37000000,921290
2021-08-16 14:00:00,150.51000000,150.12000000,150.52000000,150.14000000,1179581
2021-08-16 13:55:00,150.40000000,150.37000000,150.68000000,150.51000000,1587849
2021-08-16 13:50:00,150.21000000,150.13000000,150.48000000,150.41000000,1821529
2021-08-16 13:45:00,150.08000000,150.00000000,150.25000000,150.21000000,1255823
2021-08-16 13:40:00,149.82000000,149.82000000,150.20000000,150.08000000,1922836
2021-08-16 13:35:00,149.61000000,149.58000000,149.89000000,149.82000000,1077884
2021-08-16 13:30:00,149.41000000,149.34000000,149.62000000,149.61000000,549716
2021-08-16 13:25:00,149.37000000,149.34000000,149.56000000,149.41000000,553236
2021-08-16 13:20:00,149.29000000,149.19000000,149.41000000,149.38000000,665177
2021-08-16 13:15:00,149.29000000,149.20000000,149.38000000,149.29000000,683270
2021-08-16 13:10:00,149.53000000,149.28000000,149.54000000,149.29000000,456547
2021-08-16 13:05:00,149.54000000,149.25000000,149.61000000,149.54000000,1060488
2021-08-16 13:00:00,149.50000000,149.49000000,149.65000000,149.53000000,631934
2021-08-16 12:55:00,149.64000000,149.45000000,149.73000000,149.50000000,1001186
2021-08-16 12:50:00,149.54000000,149.37000000,149.66000000,149.64000000,1140087
2021-08-16 12:45:00,149.19000000,149.18000000,149.56000000,149.55000000,1227330
2021-08-16 12:40:00,148.92000000,148.90000000,149.25000000,149.19000000,1218422
2021-08-16 12:35:00,148.84000000,148.79000000,149.00000000,148.92000000,730323
2021-08-16 12:30:00,148.65000000,148.65000000,148.92000000,148.84000000,750739
2021-08-16 12:25:00,148.71000000,148.58000000,148.74000000,148.64000000,495737
2021-08-16 12:20:00,148.73000000,148.70000000,148.80000000,148.72000000,498955
2021-08-16 12:15:00,148.76000000,148.72000000,148.84000000,148.73000000,551716
2021-08-16 12:10:00,148.65000000,148.60000000,148.83000000,148.76000000,733321
2021-08-16 12:05:00,148.51000000,148.50000000,148.68000000,148.65000000,590986
2021-08-16 12:00:00,148.33000000,148.28000000,148.55000000,148.51000000,551726
2021-08-16 11:55:00,148.34000000,148.24000000,148.44000000,148.33000000,693107
2021-08-16 11:50:00,148.39000000,148.33000000,148.55000000,148.33000000,994490
2021-08-16 11:45:00,148.22000000,148.16000000,148.40000000,148.39000000,585723
2021-08-16 11:40:00,148.06000000,148.05000000,148.33000000,148.22000000,878922
2021-08-16 11:35:00,147.91000000,147.87000000,148.10000000,148.06000000,930023
2021-08-16 11:30:00,147.72000000,147.59000000,147.91000000,147.91000000,848699
2021-08-16 11:25:00,147.39000000,147.36000000,147.74000000,147.72000000,670381
2021-08-16 11:20:00,147.54000000,147.37000000,147.63000000,147.40000000,585300
2021-08-16 11:15:00,147.47000000,147.42000000,147.68000000,147.53000000,867324
2021-08-16 11:10:00,147.31000000,147.18000000,147.46000000,147.46000000,706064
2021-08-16 11:05:00,147.20000000,147.03000000,147.41000000,147.32000000,950642
2021-08-16 11:00:00,147.09000000,147.03000000,147.33000000,147.21000000,919070
2021-08-16 10:55:00,146.83000000,146.70000000,147.10000000,147.09000000,1053701
2021-08-16 10:50:00,147.21000000,146.56000000,147.23000000,146.84000000,1487131
2021-08-16 10:45:00,147.07000000,146.92000000,147.24000000,147.22000000,918108
2021-08-16 10:40:00,146.83000000,146.78000000,147.11000000,147.07000000,1025719
2021-08-16 10:35:00,147.12000000,146.81000000,147.22000000,146.84000000,1343804
2021-08-16 10:30:00,146.80000000,146.47000000,149.89000000,147.12000000,1701131
2021-08-16 10:25:00,147.07000000,146.66000000,147.14000000,146.81000000,2196540
2021-08-16 10:20:00,147.33000000,147.04000000,147.53000000,147.07000000,1619052
2021-08-16 10:15:00,147.25000000,147.09000000,147.71000000,147.34000000,2029285
2021-08-16 10:10:00,148.45000000,147.16000000,148.59000000,147.27000000,2827506
2021-08-16 10:05:00,148.89000000,148.42000000,148.89000000,148.46000000,1155285
2021-08-16 10:00:00,148.64000000,148.52000000,148.90000000,148.88000000,1583226
2021-08-16 09:55:00,148.36000000,148.07000000,148.75000000,148.64000000,2199967
2021-08-16 09:50:00,149.97000000,148.27000000,149.97000000,148.36000000,3670228
2021-08-16 09:45:00,150.24000000,149.63000000,150.47000000,149.98000000,3439223
2021-08-16 09:40:00,150.22000000,150.00000000,150.59000000,150.24000000,3510354
2021-08-16 09:35:00,149.56000000,149.42000000,150.28000000,150.22000000,5942246
2021-08-16 09:30:00,148.54000000,148.54000000,149.56000000,149.56000000,3386392
2021-08-13 16:00:00,149.10000000,149.00000000,149.14000000,149.03000000,463147
2021-08-13 15:55:00,148.99000000,148.94000000,149.10000000,149.10000000,1937450
2021-08-13 15:50:00,149.00000000,148.95000000,149.11000000,148.99000000,1030711
2021-08-13 15:45:00,149.07000000,148.94000000,149.12000000,148.99000000,721174
2021-08-13 15:40:00,149.04000000,149.03000000,149.11000000,149.08000000,803970
2021-08-13 15:35:00,148.97000000,148.96000000,149.05000000,149.04000000,528746
2021-08-13 15:30:00,148.96000000,148.92000000,148.99000000,148.97000000,361406
2021-08-13 15:25:00,149.02000000,148.94000000,149.04000000,148.96000000,352759
2021-08-13 15:20:00,148.96000000,148.95000000,149.04000000,149.02000000,403674
2021-08-13 15:15:00,148.92000000,148.90000000,148.96000000,148.96000000,314935
2021-08-13 15:10:00,148.94000000,148.88000000,148.96000000,148.92000000,402625
2021-08-13 15:05:00,148.98000000,148.94000000,149.02000000,148.95000000,278121
2021-08-13 15:00:00,149.10000000,148.96000000,149.10000000,148.98000000,400694
2021-08-13 14:55:00,148.97000000,148.93000000,149.12000000,149.10000000,515735
2021-08-13 14:50:00,148.93000000,148.88000000,149.03000000,148.97000000,508643
2021-08-13 14:45:00,148.76000000,148.75000000,148.96000000,148.92000000,455765
2021-08-13 14:40:00,148.94000000,148.75000000,148.95000000,148.77000000,558388
2021-08-13 14:35:00,148.96000000,148.94000000,149.02000000,148.95000000,349775
2021-08-13 14:30:00,149.02000000,148.92000000,149.02000000,148.96000000,258515
2021-08-13 14:25:00,148.94000000,148.92000000,149.04000000,149.02000000,303149
2021-08-13 14:20:00,148.97000000,148.91000000,148.99000000,148.94000000,192081
2021-08-13 14:15:00,148.95000000,148.91000000,149.01000000,148.97000000,231464
2021-08-13 14:10:00,149.05000000,148.93000000,149.07000000,148.95000000,276725
2021-08-13 14:05:00,148.99000000,148.92000000,149.05000000,149.05000000,356168
2021-08-13 14:00:00,148.91000000,148.89000000,148.99000000,148.99000000,264454
2021-08-13 13:55:00,148.81000000,148.81000000,148.92000000,148.92000000,290221
2021-08-13 13:50:00,148.87000000,148.78000000,148.90000000,148.81000000,374464
2021-08-13 13:45:00,148.98000000,148.85000000,149.01000000,148.88000000,370191
2021-08-13 13:40:00,149.04000000,148.94000000,149.10000000,148.98000000,438586
2021-08-13 13:35:00,148.93000000,148.93000000,149.06000000,149.04000000,430873
2021-08-13 13:30:00,148.96000000,148.93000000,149.02000000,148.94000000,273374
2021-08-13 13:25:00,148.95000000,148.94000000,149.03000000,148.96000000,372319
2021-08-13 13:20:00,149.02000000,148.91000000,149.02000000,148.94000000,290599
2021-08-13 13:15:00,148.92000000,148.90000000,149.05000000,149.02000000,413949
2021-08-13 13:10:00,148.83000000,148.83000000,148.98000000,148.92000000,485279
2021-08-13 13:05:00,148.80000000,148.71000000,148.87000000,148.83000000,413433
2021-08-13 13:00:00,148.81000000,148.73000000,148.83000000,148.80000000,257751
2021-08-13 12:55:00,148.63000000,148.63000000,148.84000000,148.81000000,613433
2021-08-13 12:50:00,148.50000000,148.50000000,148.64000000,148.64000000,324439
2021-08-13 12:45:00,148.38000000,148.37000000,148.51000000,148.50000000,321729
2021-08-13 12:40:00,148.37000000,148.34000000,148.41000000,148.37000000,257073
2021-08-13 12:35:00,148.40000000,148.27000000,148.42000000,148.37000000,411981
2021-08-13 12:30:00,148.50000000,148.37000000,148.51000000,148.39000000,270197
2021-08-13 12:25:00,148.50000000,148.41000000,148.55000000,148.50000000,634502
2021-08-13 12:20:00,148.55000000,148.49000000,148.58000000,148.49000000,267635
2021-08-13 12:15:00,148.56000000,148.52000000,148.59000000,148.54000000,244485
2021-08-13 12:10:00,148.61000000,148.54000000,148.64000000,148.56000000,329267
2021-08-13 12:05:00,148.51000000,148.49000000,148.62000000,148.61000000,407000
2021-08-13 12:00:00,148.37000000,148.35000000,148.52000000,148.51000000,409992
2021-08-13 11:55:00,148.42000000,148.34000000,148.44000000,148.37000000,361396
2021-08-13 11:50:00,148.35000000,148.33000000,148.44000000,148.42000000,385267
2021-08-13 11:45:00,148.50000000,148.34000000,148.54000000,148.35000000,498138
2021-08-13 11:40:00,148.47000000,148.38000000,148.50000000,148.50000000,492323
2021-08-13 11:35:00,148.48000000,148.42000000,148.56000000,148.47000000,435432
2021-08-13 11:30:00,148.62000000,148.47000000,148.63000000,148.48000000,402969
2021-08-13 11:25:00,148.54000000,148.52000000,148.66000000,148.62000000,445672
2021-08-13 11:20:00,148.60000000,148.45000000,148.64000000,148.54000000,726946
2021-08-13 11:15:00,148.79000000,148.56000000,148.81000000,148.60000000,701012
2021-08-13 11:10:00,148.84000000,148.74000000,148.86000000,148.80000000,476690
